headline,link,story_tag,story_class
INVESTIGACIONES DE LA UNIDAD,https://www.eltiempo.com/unidad-investigativa/investigaciones-de-la-unidad,div,paragraph
Exsecretario de Agricultura del Quindío habría empeñado camioneta oficial para pagar deuda de $140 millones,https://www.eltiempo.com/colombia/otras-ciudades/exsecretario-de-agricultura-del-quindio-habria-empenado-camioneta-oficial-para-pagar-deuda-de-140-millones-gobernacion-denuncio-posible-peculado-3537338,div,paragraph
"La administración activó controles disciplinarios, mientras el caso escala en plena antesala electoral.",https://www.eltiempo.com/colombia/otras-ciudades/exsecretario-de-agricultura-del-quindio-habria-empenado-camioneta-oficial-para-pagar-deuda-de-140-millones-gobernacion-denuncio-posible-peculado-3537338,div,paragraph
Tres soldados fueron asesinados en combates contra disidencias en Caquetá: fueron atacados cuando iban a un punto del despliegue del Plan Democracia,https://www.eltiempo.com/colombia/otras-ciudades/atencion-tres-soldados-fueron-asesinados-y-otro-resulto-herido-en-un-ataque-de-las-disidencias-farc-en-cartagena-del-chaira-caqueta-esto-se-sabe-3537191,div,paragraph
¿Cuál es el plan para recuperar parque Tayrona durante su reapertura? Esta es la millonaria inversión tras crisis,https://www.eltiempo.com/colombia/otras-ciudades/la-millonaria-inversion-que-tendra-el-parque-tayrona-en-su-reapertura-recuperaran-senderos-afectados-por-lluvias-y-ejecutaran-proyecto-de-ecoturismo-3537281,div,paragraph
Revelan lo que pasó a los cinco menores sin rastro en el Valle y el Cauca,https://www.eltiempo.com/colombia/cali/casos-de-ninos-y-adolescentes-desaparecidos-en-cauca-y-valle-revelan-lo-que-paso-a-los-cinco-menores-sin-rastro-en-caldono-en-el-norte-caucano-3537331,div,paragraph
Carolina Bohórquez Ramírez,https://www.eltiempo.com/autor/carolina-bohorquez-ramirez,div,paragraph
Preacuerdo evitó juicio de pastor cristiano que cavaba hueco para enterrar a hijastra: abogado explicó la condena,https://www.eltiempo.com/colombia/otras-ciudades/el-preacuerdo-que-evito-juicio-del-pastor-cristiano-que-cavaba-hueco-para-enterrar-a-su-hijastra-en-caldas-abogado-conto-como-se-sello-la-condena-3537322,div,paragraph
La renuncia a la mesa de paz urbana y la guerra fría entre capos en Medellín que impidió el asesinato de mexicano,https://www.eltiempo.com/colombia/medellin/la-renuncia-a-la-mesa-de-paz-urbana-y-la-guerra-fria-entre-capos-en-medellin-que-impidio-el-asesinato-de-un-mexicano-a-manos-de-la-oficina-premium-3537309,div,paragraph
Conozca la red de formación creada para fortalecer la productividad,https://www.eltiempo.com/mas-contenido/conozca-la-red-de-formacion-creada-para-fortalecer-la-productividad-3537025,div,paragraph
"Líderes empresariales, llamados a lograr que el país siga viendo futuro",https://www.eltiempo.com/economia/sectores/lideres-empresariales-llamados-a-lograr-que-el-pais-siga-viendo-futuro-3486319,div,paragraph
CGES: el cerebro de la inteligencia para combatir el crimen,https://www.eltiempo.com/mas-contenido/cges-el-cerebro-de-la-inteligencia-para-combatir-el-crimen-3536134,div,paragraph
El campo escucha a Claudia López | Publicidad política pagada,https://www.eltiempo.com/publicidad-politica-pagada/el-campo-escucha-a-claudia-lopez-publicidad-politica-pagada-3537190,div,paragraph
PUBLICIDAD POLÍTICA PAGADA,https://www.eltiempo.com/autor/contenido-publicitario,div,paragraph
Papá con su hijo en brazos fue atracado de manera violenta en Santa Marta,https://www.eltiempo.com/colombia/otras-ciudades/papa-con-su-hijo-en-brazos-fue-atracado-de-manera-violenta-en-santa-marta-3537595,div,paragraph
"Capturan en Bogotá a alias ‘Choco’, presunto implicado en la muerte de la niña de 11 años alcanzada por una bala perdida en Baranoa (Atlántico)",https://www.eltiempo.com/colombia/barranquilla/capturan-en-bogota-a-alias-choco-presunto-implicado-en-la-muerte-de-la-nina-de-11-anos-alcanzada-por-una-bala-perdida-en-baranoa-atlantico-3537607,div,paragraph
Camilo Andrés Álvarez Peñaloza,https://www.eltiempo.com/autor/camilo-andres-alvarez-penaloza,div,paragraph
"Las fotos inéditas, el millonario pago a Cuba Gooding Jr. y los detalles de polémica película sobre el almirante Padilla impulsada por Gobierno Petro",https://www.eltiempo.com/colombia/otras-ciudades/un-actor-ganador-del-oscar-fotos-ineditas-de-la-produccion-y-detalles-de-polemica-pelicula-sobre-el-almirante-padilla-impulsada-por-el-gobierno-petro-3537592,div,paragraph
Video | Así quedó una ambulancia en Antioquia tras aparatoso choque en la vía Cisneros - Puerto Berrío: hay cuatro personas heridas,https://www.eltiempo.com/colombia/medellin/video-asi-quedo-una-ambulancia-en-antioquia-tras-aparatoso-choque-en-la-via-cisneros-puerto-berrio-hay-cuatro-personas-heridas-3537587,div,paragraph
"¿Quién era Sebastián Loaiza, el exsoldado colombiano que murió en Dubái en medio de bombardeos entre Irán, Estados Unidos e Israel?",https://www.eltiempo.com/mundo/medio-oriente/quien-era-sebastian-loaiza-el-exsoldado-colombiano-que-murio-en-dubai-en-medio-de-bombardeos-entre-iran-estados-unidos-e-israel-3537524,div,paragraph
Andrés Felipe Bejarano Bejarano,https://www.eltiempo.com/autor/andres-felipe-bejarano-bejarano,div,paragraph
"¿Quién es Misael Augusto Villarreal, exconcejal de Montelíbano (Córdoba), capturado con más de $434 millones previo a elecciones a Congreso?",https://www.eltiempo.com/colombia/otras-ciudades/quien-es-misael-augusto-villarreal-exconcejal-de-montelibano-cordoba-capturado-con-mas-de-434-millones-previo-a-elecciones-a-congreso-3537544,div,paragraph
Atlántico | Baranoa anuncia obras de alcantarillado que llevarán el servicio al 98 % de cobertura en 18 barrios: la inversión es de $27.000 millones,https://www.eltiempo.com/colombia/barranquilla/atlantico-baranoa-anuncia-obras-de-alcantarillado-que-llevaran-el-servicio-al-98-de-cobertura-en-18-barrios-la-inversion-es-de-27-000-millones-3537510,div,paragraph
Camilo Andrés Álvarez Peñaloza,https://www.eltiempo.com/autor/camilo-andres-alvarez-penaloza,div,paragraph
Propietario desmonta glamping construido sin licencia en zona arqueológica de protección de Medellín tras orden de demolición,https://www.eltiempo.com/colombia/medellin/propietario-desmonta-glamping-construido-sin-licencia-en-zona-arqueologica-de-proteccion-de-medellin-tras-orden-de-demolicion-3537529,div,paragraph
Johan Steven Infante Guerrero,https://www.eltiempo.com/autor/johan-steven-infante-guerrero,div,paragraph
Llevaban millonadas en sobres membretados con nombres y apellidos: las fallas que dejaron libres a sospechosos de compra de votos en La Guajira,https://www.eltiempo.com/colombia/otras-ciudades/las-fallas-de-la-justicia-que-permitieron-la-libertad-de-capturados-con-millonaria-suma-de-dinero-en-la-guajira-previo-a-las-elecciones-a-congreso-3537536,div,paragraph
"'Nos han pedido paciencia': hermano de Sebastián Loaiza, colombiano muerto tras bombardeos en Dubái, cuenta la tragedia de su familia y cómo se enteró",https://www.eltiempo.com/colombia/otras-ciudades/la-guerra-en-oriente-medio-apaga-los-suenos-de-un-joven-colombiano-tras-bombardeos-a-dubai-en-magangue-esperan-cuerpo-sin-vida-de-sebastian-loaiza-3537517,div,paragraph
Crece la alarma por feminicidios y desapariciones de mujeres en Atlántico: organizaciones denuncian fallas en prevención y exigen respuestas urgentes,https://www.eltiempo.com/colombia/barranquilla/crece-la-alarma-por-feminicidios-y-desapariciones-de-mujeres-en-atlantico-organizaciones-denuncian-fallas-en-prevencion-y-exigen-respuestas-urgentes-3537495,div,paragraph
"Las 'jugosas' ofertas con las que estarían reclutando irregularmente a colombianos para pelear en guerras como Ucrania, Emiratos Árabes y Haití",https://www.eltiempo.com/colombia/cali/ojo-con-aparentes-jugosas-ofertas-de-trabajo-en-seguridad-o-para-ir-a-combatir-en-guerras-como-ucrania-y-sudan-personeria-conocio-denuncias-3537520,div,paragraph
Carolina Bohórquez Ramírez,https://www.eltiempo.com/autor/carolina-bohorquez-ramirez,div,paragraph
"Este es el hombre capturado por doble asesinato de hermanas de 15 y 17 años en Malambo, Atlántico: rastreo de celular, confesión clave y nuevas pistas",https://www.eltiempo.com/colombia/barranquilla/este-es-el-hombre-capturado-por-doble-asesinato-de-hermanas-de-15-y-17-anos-en-malambo-atlantico-rastreo-de-celular-confesion-clave-y-nuevas-pistas-3537507,div,paragraph
Suspensión de energía este jueves 5 de marzo: trabajos de modernización en la zona urbana y rural de Cali implican cortes temporales,https://www.eltiempo.com/colombia/cali/suspension-de-energia-este-jueves-5-de-marzo-trabajos-de-modernizacion-en-la-zona-urbana-y-rural-de-cali-implican-cortes-temporales-3537509,div,paragraph
José Antonio Minota Hurtado,https://www.eltiempo.com/autor/jose-antonio-minota-hurtado,div,paragraph
"Omaira Buitrago, la santandereana que convirtió el servicio social en una causa de vida y hoy representa a Santander en el Premio Mujer Cafam",https://www.eltiempo.com/colombia/santander/omaira-buitrago-la-santandereana-que-convirtio-el-servicio-social-en-una-causa-de-vida-y-hoy-representa-a-santander-en-el-premio-mujer-cafam-3537497,div,paragraph
María Alejandra Rodríguez Castellanos,https://www.eltiempo.com/autor/maria-alejandra-rodriguez-castellanos,div,paragraph
"Tras protesta de Bomberos Medellín por falta de maquinaria y equipos, la Alcaldía les entregó nueva dotación",https://www.eltiempo.com/colombia/medellin/tras-protesta-de-bomberos-medellin-por-falta-de-maquinaria-y-equipos-la-alcaldia-les-entrego-nueva-dotacion-3537499,div,paragraph
publicidad polìtica pagada,https://www.eltiempo.com/publicidad-politica-pagada,div,paragraph
PAUTA DIGITAL - EL TIEMPO ADS,https://www.eltiempoads.com,div,paragraph
PUBLICA TU MENSAJE DE CONDOLENCIAS,https://www.condolenciaseltiempo.com,div,paragraph
noticias de economÍa - portafolio,https://www.portafolio.co/,div,paragraph
empleos en colombia - el empleo,https://www.elempleo.com/,div,paragraph
noticias de fútbol - futbolred,https://www.futbolred.com/,div,paragraph
novedades del automotriz - motor,https://www.motor.com.co/,div,paragraph
noticias de bogotá - citytv,https://citytv.eltiempo.com/,div,paragraph
noticias de actualidad - diario adn,https://www.diarioadn.co/,div,paragraph
espacio dedicado a mujeres - alò,https://www.alo.co/,div,paragraph
Elecciones legislativas: así debe marcar el tarjetón para que no le anulen el voto,https://www.elespectador.com/politica/elecciones-colombia-2026/elecciones-legislativas-asi-debe-marcar-el-tarjeton-para-que-no-le-anulen-el-voto/,p,font--secondary
Este domingo se abrirán los puestos de votación a nivel nacional. Esto es lo que debe saber a la hora de marcar su voto.,https://www.elespectador.com/politica/elecciones-colombia-2026/elecciones-legislativas-asi-debe-marcar-el-tarjeton-para-que-no-le-anulen-el-voto/,p,font--secondary
"A tres días de las elecciones, instituciones analizan garantías del proceso electoral",https://www.elespectador.com/judicial/a-tres-dias-de-las-elecciones-instituciones-analizan-garantias-del-proceso-electoral/,p,font--secondary
Más de 3.000 candidatos se medirán en urnas este 8 de marzo: Registraduría,https://www.elespectador.com/politica/elecciones-colombia-2026/mas-de-3000-candidatos-se-mediran-en-urnas-este-8-de-marzo-registraduria-noticias-hoy/,p,font--secondary
La Fiscalía de Boyacá dispondrá de 40 fiscales para acompañar las elecciones del 8 de marzo,https://www.elespectador.com/judicial/la-fiscalia-de-boyaca-dispondra-de-40-fiscales-para-acompanar-las-elecciones-del-8-de-marzo/,p,font--secondary
Funcionario de embajada en Nicaragua relacionado con fiesta vallenata se trasladó a Guyana,https://www.elespectador.com/politica/funcionario-de-embajada-en-nicaragua-relacionado-con-fiesta-vallenata-se-traslado-a-guyana/,p,font--secondary
Violencia electoral: habrían prendido fuego a carro de campaña y atentado contra candidata,https://www.elespectador.com/politica/elecciones-colombia-2026/violencia-electoral-habrian-prendido-fuego-a-carro-de-campana-y-atentado-contra-candidata/,p,font--secondary
EL FUTUROEN PAUSALa voz de quienes se niegan a desaparecer,https://www.elespectador.com/politica/historias-de-neira-leticia-vichada-busbanza-nueva-venecia-y-guajira-futuro-en-pausa/,p,font--secondary
Encuestas y maquinarias en las regiones agitan elecciones del 8 de marzo,https://youtu.be/fpIog5aJgzw,p,font--secondary
Archivo EEExplora más artículos en el archivo,https://www.elespectador.com/archivo/politica,p,font--secondary
políticas de cookies y de datos.,https://www.elespectador.com/terminos/politica-de-uso-de-cookies/,p,font--secondary
